Station,Lat,Lon,Code,Habitat_Fr,Habitat_en2
ALBALF1,33.20027,-4.03529,ALF,Alfatière,Macrochloa steppe
ALBALF2,33.2583,-3.9876,ALF,Alfatière,Macrochloa steppe
ALBALF3,33.29604,-3.94828,ALF,Alfatière,Macrochloa steppe
ALBLDD1,33.17201,-3.97828,WED,Ligne de drainage,Gully
ALBLDD2,33.21472,-3.91305,WED,Ligne de drainage,Gully
ALBLDD3,33.26426,-3.84344,WED,Ligne de drainage,Gully
ALBREG1,33.14186,-3.94049,REG,Reg,Reg
ALBREG3,33.28356,-3.89417,REG,Reg,Reg
ALBSEP1,33.14973,-3.94129,EPA,Epandage,Alluvial spread area
ALBSEP2,33.22191,-3.93053,EPA,Epandage,Alluvial spread area
ALBSEP3,33.2133,-3.85988,EPA,Epandage,Alluvial spread area
BOUEX1,32.41966,-2.25862,EPA,Epandage/reg à Fredolia,Alluvial spread area
BOUEX2,32.42911,-2.27631,EPA,Epandage/reg à Fredolia,Alluvial spread area
BOUIN1,32.41504,-2.27241,EPA,Epandage/reg à Fredolia,Alluvial spread area
BOUIN2,32.41793,-2.27529,EPA,Epandage/reg à Fredolia,Alluvial spread area
ENJEX1,33.12976,-4.55768,REG,Reg,Reg
ENJEX2,33.10762,-4.60643,REG,Reg,Reg
ENJEX3,33.15221,-4.61005,REG,Reg,Reg
ENJIN1,33.13827,-4.57151,REG,Reg,Reg
ENJIN2,33.12315,-4.5986,REG,Reg,Reg
ENJIN3,33.14671,-4.59543,REG,Reg,Reg
FREDO1,32.35329,-2.26124,REG,Reg à Fredolia,Reg
FREDOST,32.34936,-2.27426,REG,Reg à Fredolia,Reg
LDD+1,33.13916,-3.98695,WED,Ligne de drainage,Gully
LDD+2,33.21383,-3.88741,WED,Ligne de drainage,Gully
LDD+3,33.30595,-3.7685,WED,Ligne de drainage,Gully
LDDACACIA3,29.16256,-8.53265,WED,Ligne de drainage à Acacia,Gully
LDDACACIA4,29.17983,-8.54063,WED,Ligne de drainage à Acacia,Gully
LDDACACIA5,29.22637,-8.51193,WED,Ligne de drainage à Acacia,Gully
MAAEX1,33.2414,-2.74147,REG,Reg,Reg
MAAIN1,33.25644,-2.73065,REG,Reg,Reg
MISEX1,33.01786,-4.11318,REG,Reg,Reg
MISEX2,33.01891,-4.08023,REG,Reg,Reg
MISEX3,33.00683,-4.12298,REG,Reg,Reg
MISEX4,32.9926,-4.10352,REG,Reg,Reg
MISIN1,33.01386,-4.09302,REG,Reg,Reg
MISIN2,33.0117,-4.08321,REG,Reg,Reg
MISIN3,33.00727,-4.10685,REG,Reg,Reg
MISIN4,33.00143,-4.09707,REG,Reg,Reg
NN42SE1,29.14138,-8.52519,WED,Ligne de drainage à Acacia,Gully
NN42SE2,29.14112,-8.4985,REG,Reg,Reg
NN42SE3,29.12327,-8.50285,REG,Reg,Reg
NN42SE4,29.11871,-8.52437,REG,Reg,Reg
NN42SE5,29.12992,-8.5116,WED,Ligne de drainage à Acacia,Gully
PISTA1,33.18906,-3.9816,WED,Oued à Pistacia atlantica,Wadi
PISTA2,33.21777,-3.98722,WED,Oued à Pistacia atlantica,Wadi
PISTA3,33.21374,-3.94364,WED,Oued à Pistacia atlantica,Wadi
PISTA4,33.26739,-3.94475,WED,Oued à Pistacia atlantica,Wadi
PISTA5,33.27604,-3.9107,WED,Oued à Pistacia atlantica,Wadi
PP40NE1,29.89938,-7.48278,EPA,Epandage à Zygophyllum,Alluvial spread area
PP40NE2,29.89977,-7.45908,REG,Reg,Reg
PP40NE3,29.87654,-7.46071,EPA,Epandage à Zygophyllum,Alluvial spread area
PP40NE4,29.88181,-7.49215,REG,Reg,Reg
PP40NE5,29.8885,-7.47239,REG,Reg,Reg
SANS1,32.31446,-2.37904,SAN,Sansouïre saharienne,Salty steppe
SANS2,32.32998,-2.37061,SAN,Sansouïre saharienne,Salty steppe
SANS3,32.26654,-2.39738,SAN,Sansouïre saharienne,Salty steppe
SANS4,32.27097,-2.36996,SAN,Sansouïre saharienne,Salty steppe
SANS5,32.3396,-2.36138,SAN,Sansouïre saharienne,Salty steppe
UB24SW1,32.9172,-4.91128,REG,Reg,Reg
UB24SW2,32.91745,-4.88498,REG,Reg,Reg
UB24SW3,32.89487,-4.88498,EPA,Epandage,Alluvial spread area
UB24SW4,32.89541,-4.91128,EPA,Epandage,Alluvial spread area
UB24SW5,32.90577,-4.89863,REG,Reg,Reg
VB02SE1,32.74769,-4.0016,REG,Reg,Reg
VB02SE2,32.74804,-3.97404,REG,Reg,Reg
VB02SE3,32.72547,-3.97384,REG,Reg,Reg
VB02SE4,32.72453,-4.00011,ALF,Alfatière,Macrochloa steppe
VB02SE5,32.73616,-3.98711,EPA,Epandage,Alluvial spread area
VB14SW1,32.92851,-3.95083,REG,Reg,Reg
VB14SW2,32.92837,-3.9225,REG,Reg,Reg
VB14SW3,32.90524,-3.92202,REG,Reg,Reg
VB14SW4,32.90565,-3.94929,EPA,Epandage,Alluvial spread area
VB14SW5,32.91688,-3.93535,REG,Reg,Reg
VB17NW1,33.24372,-3.95266,REG,Reg,Reg
VB17NW2,33.24394,-3.92644,REG,Reg,Reg
VB17NW3,33.22201,-3.92537,REG,Reg,Reg
VB17NW4,33.22181,-3.95174,REG,Reg,Reg
VB17NW5,33.23245,-3.9387,REG,Reg,Reg
VB84NW1,32.97655,-3.20103,REG,Reg,Reg
VB84NW2,32.97679,-3.17399,REG,Reg,Reg
VB84NW3,32.95816,-3.17614,REG,Reg,Reg
VB84NW4,32.95183,-3.19767,REG,Reg,Reg
VB84NW5,32.96318,-3.19304,ALF,Alfatière,Macrochloa steppe
VB85SE1,33.0221,-3.14706,REG,Reg,Reg
VB85SE2,33.0217,-3.12037,REG,Reg,Reg
VB85SE3,32.99928,-3.12061,REG,Reg,Reg
VB85SE4,32.99919,-3.14711,REG,Reg,Reg
VB85SE5,33.01056,-3.13407,REG,Reg,Reg
VC52SE1,33.65246,-3.47136,REG,Reg,Reg
VC52SE2,33.65212,-3.444,REG,Reg,Reg
VC52SE3,33.63064,-3.44553,REG,Reg,Reg
VC52SE4,33.63083,-3.47116,REG,Reg,Reg
VC52SE5,33.6425,-3.45835,REG,Reg,Reg
WA67CHENOP,32.34727,-2.308,EPA,Epandage à Atriplex halimus,Alluvial spread area
WA67NW1,32.3443,-2.34932,EPA,Epandage à Atriplex halimus,Alluvial spread area
WA67NW2,32.34373,-2.3227,EPA,Epandage à Salsola,Alluvial spread area
WA67NW3,32.32128,-2.32271,EPA,Epandage/reg à Fredolia,Alluvial spread area
WA67NW4,32.32142,-2.34927,EPA,Epandage/reg à Salsola,Alluvial spread area
WA67NW5,32.33263,-2.3359,EPA,Epandage/reg à Salsola,Alluvial spread area
WB61NE1,32.70417,-2.29306,ALF,Alfatière,Macrochloa steppe
WB61NE2,32.70424,-2.26585,ALF,Alfatière,Macrochloa steppe
WB61NE3,32.68553,-2.25491,ALF,Alfatière,Macrochloa steppe
WB61NE4,32.68225,-2.29274,ALF,Alfatière,Macrochloa steppe
WB61NE5,32.69308,-2.27949,ALF,Alfatière,Macrochloa steppe
WC24NE1,33.87822,-2.71555,ALF,Alfatière,Macrochloa steppe
WC24NE2,33.8781,-2.68879,ALF,Alfatière,Macrochloa steppe
WC24NE3,33.85576,-2.68914,ALF,Alfatière,Macrochloa steppe
WC24NE4,33.85588,-2.7159,ALF,Alfatière,Macrochloa steppe
WC24NE5,33.86718,-2.70229,ALF,Alfatière,Macrochloa steppe
WC43NE1,33.78783,-2.50081,EPA,Epandage à Anabasis,Alluvial spread area
WC43NE2,33.78772,-2.4733,EPA,Epandage à Anabasis,Alluvial spread area
WC43NE3,33.76426,-2.47316,EPA,Epandage à Anabasis,Alluvial spread area
WC43NE4,33.7645,-2.50062,EPA,Epandage à Anabasis,Alluvial spread area
WC43NE5,33.77213,-2.48469,EPA,Epandage à Anabasis,Alluvial spread area
