Station,Code,Habitat,Trap.code,Coord.,Longitude,Latitude,Alt.,Date,Period,Fraction,Number,Dry.weights..g.,Comments,Status
ALBALF1,ALF,Macrochloa steppe,ALBALF11,N33.20048 W4.03557,NA,NA,1089,4/20/2016,April,Messor,1,0.00506,NA,WT
ALBALF2,ALF,Macrochloa steppe,ALBALF21,N33.25854 W3.98782,NA,NA,1094,4/21/2016,April,Messor,0,0,NA,WT
ALBALF3,ALF,Macrochloa steppe,ALBALF31,N33.29622 W3.94857,NA,NA,1063,4/22/2016,April,Messor,7,0.01697,NA,WT
ALBLDD+1,WED,Gully,ALBLDD+11,N33.13890 W3.98580,NA,NA,918,4/17/2017,April,Messor,1,0.00175,NA,WT
ALBLDD+2,WED,Gully,ALBLDD+21,N33.21354 W3.88668,NA,NA,854,4/18/2017,April,Messor,0,0,NA,WT
ALBLDD+3,WED,Gully,ALBLDD+31,N33.30579 W3.76757,NA,NA,839,4/19/2017,April,Messor,1,0.00215,NA,WT
ALBLDD1,WED,Gully,ALBLDD11,N33.17198 W3.97856,NA,NA,958,4/20/2016,April,Messor,0,0,NA,WT
ALBLDD2,WED,Gully,ALBLDD21,N33.21501 W3.91351,NA,NA,894,4/21/2016,April,Messor,2,0.0035,NA,WT
ALBLDD3,WED,Gully,ALBLDD31,N33.26425 W3.84328,NA,NA,859,4/22/2016,April,Messor,2,0.00349,NA,WT
ALBREG1,REG,Reg,ALBREG11,N33.14206 W3.94076,NA,NA,900,4/20/2016,April,Messor,0,0,NA,WT
ALBREG3,REG,Reg,ALBREG31,N33.28377 W3.89446,NA,NA,947,4/22/2016,April,Messor,0,0,NA,WT
ALBSEP1,EPA,Alluvial spread area,ALBSEP11,N33.14994 W3.94155,NA,NA,904,4/20/2016,April,Messor,1,0.00215,NA,WT
ALBSEP2,EPA,Alluvial spread area,ALBSEP21,N33.22212 W3.93078,NA,NA,937,4/21/2016,April,Messor,0,0,NA,WT
ALBSEP3,EPA,Alluvial spread area,ALBSEP31,N33.21350 W3.86017,NA,NA,840,4/22/2016,April,Messor,0,0,NA,WT
BOUEX1,EPA,Alluvial spread area,BOUEX11,N32.41994 W2.25883,NA,NA,1051,7/21/2016,June,Messor,33,0.03822,NA,WT
BOUEX2,EPA,Alluvial spread area,BOUEX21,N32.42931 W2.27659,NA,NA,1052,4/27/2016,April,Messor,7,0.01208,NA,WT
BOUIN1,EPA,Alluvial spread area,BOUIN11,N32.41454 W2.27271,NA,NA,1050,4/27/2016,April,Messor,10,0.00885,NA,WT
BOUIN2,EPA,Alluvial spread area,BOUIN21,N32.41817 W2.27557,NA,NA,1050,4/27/2016,April,Messor,6,0.00999,NA,WT
ENJEX1,REG,Reg,ENJEX11,N33.12997 W4.55792,NA,NA,1614,5/13/2016,April,Messor,6,0.01125,NA,WT
ENJEX2,REG,Reg,ENJEX21,N33.10787 W4.60665,NA,NA,1595,5/13/2016,April,Messor,4,0.00393,NA,WT
ENJEX3,REG,Reg,ENJEX31,N33.15244 W4.61029,NA,NA,1634,7/22/2016,June,Messor,0,0,NA,WT
ENJIN1,REG,Reg,ENJIN11,N33.13856 W4.57177,NA,NA,1618,5/13/2016,April,Messor,43,0.04957,NA,WT
ENJIN2,REG,Reg,ENJIN21,N33.12326 W4.59888,NA,NA,1609,5/13/2016,April,Messor,1,0.00181,NA,WT
ENJIN3,REG,Reg,ENJIN31,N33.14694 W4.59572,NA,NA,1623,5/13/2016,April,Messor,7,0.00636,NA,WT
FredoliaStep4,REG,Reg,FredoliaStep41,N32.34937 W2.27429,NA,NA,1029,4/19/2017,April,Messor,0,0,NA,WT
FredoliaStep5,REG,Reg,FredoliaStep51,N32.35335 W2.26128,NA,NA,1032,4/19/2017,April,Messor,0,0,NA,WT
LDDACACIA3,WED,Gully,LDDACACIA31,N29.16283 W8.53285,NA,NA,443,4/20/2017,April,Messor,1,0.00045,NA,WT
LDDACACIA4,WED,Gully,LDDACACIA41,N29.17995 W8.54078,NA,NA,450,4/20/2017,April,Messor,1,0.00115,NA,WT
LDDACACIA5,WED,Gully,LDDACACIA51,N29.22661 W8.51205,NA,NA,461,4/20/2017,April,Messor,0,0,NA,WT
MAAEX1,REG,Reg,MAAEX11,N33.24164 W2.74172,NA,NA,1299,5/12/2016,April,Messor,38,0.0415,NA,WT
MAAIN1,REG,Reg,MAAIN11,N33.25655 W2.73076,NA,NA,1293,5/12/2016,April,Messor,530,0.82666,NA,WT
MISEX1,REG,Reg,MISEX11,N33.01810 W4.11342,NA,NA,997,4/28/2016,April,Messor,0,0,NA,WT
MISEX2,REG,Reg,MISEX21,N33.01910 W4.08049,NA,NA,967,4/28/2016,April,Messor,3,0.00721,NA,WT
MISEX3,REG,Reg,MISEX31,N33.00697 W4.12327,NA,NA,1014,4/28/2016,April,Messor,0,0,NA,WT
MISEX4,REG,Reg,MISEX41,N32.99284 W4.10376,NA,NA,969,4/28/2016,April,Messor,39,0.06515,NA,WT
MISIN1,REG,Reg,MISIN11,N33.01407 W4.09340,NA,NA,965,4/28/2016,April,Messor,49,0.11283,NA,WT
MISIN2,REG,Reg,MISIN21,N33.01186 W4.08361,NA,NA,953,4/28/2016,April,Messor,4,0.00834,NA,WT
MISIN3,REG,Reg,MISIN31,N33.00735 W4.10710,NA,NA,983,4/28/2016,April,Messor,1,0.00043,NA,WT
MISIN4,REG,Reg,MISIN41,N33.00170 W4.09720,NA,NA,964,4/28/2016,April,Messor,1,0.0041,NA,WT
NN42SE1,WED,Gully,NN42SE11,N29.14137 W8.52546,NA,NA,432,4/19/2017,April,Messor,3,0.00305,NA,WT
NN42SE2,REG,Reg,NN42SE21,N29.14132 W8.49874,NA,NA,427,4/19/2017,April,Messor,5,0.00775,NA,WT
NN42SE3,REG,Reg,NN42SE31,N29.12343 W8.50309,NA,NA,434,4/19/2017,April,Messor,0,0,NA,WT
NN42SE4,REG,Reg,NN42SE41,N29.11888 W8.52461,NA,NA,438,4/19/2017,April,Messor,0,0,NA,WT
NN42SE5,WED,Gully,NN42SE51,N29.13011 W8.51173,NA,NA,422,4/19/2017,April,Messor,0,0,NA,WT
Pista1,WED,Wadi,Pista11,N33.18863 W3.98042,NA,NA,956,4/17/2017,April,Messor,0,0,NA,WT
Pista2,WED,Wadi,Pista21,N33.21763 W3.98655,NA,NA,1018,4/18/2017,April,Messor,129,0.28315,NA,WT
Pista3,WED,Wadi,Pista31,N33.21384 W3.94282,NA,NA,938,4/18/2017,April,Messor,0,0,NA,WT
Pista4,WED,Wadi,Pista41,N33.26656 W3.94457,NA,NA,1004,4/18/2017,April,Messor,0,0,NA,WT
Pista5,WED,Wadi,Pista51,N33.27583 W3.90984,NA,NA,948,4/19/2017,April,Messor,0,0,NA,WT
PP40NE1,EPA,Alluvial spread area,PP40NE11,N29.89937 W7.48319,NA,NA,687,5/25/2016,April,Messor,6,0.00772,NA,WT
PP40NE2,REG,Reg,PP40NE21,N29.90041 W7.45926,NA,NA,664,5/18/2016,April,Messor,5,0.00862,NA,WT
PP40NE3,EPA,Alluvial spread area,PP40NE32,N29.87689 W7.46083,NA,NA,652,5/18/2016,April,Messor,8,0.01207,NA,WT
PP40NE4,REG,Reg,PP40NE41,N29.88211 W7.49193,NA,NA,663,5/18/2016,April,Messor,0,0,NA,WT
PP40NE5,REG,Reg,PP40NE51,N29.88935 W7.47235,NA,NA,659,5/25/2016,April,Messor,2,0.00382,NA,WT
SANS1,SAN,Salty steppe,SANS11,N32.31466 W2.37930,NA,NA,949,4/20/2017,April,Messor,4,0.0058,NA,WT
SANS2,SAN,Salty steppe,SANS21,N32.33019 W2.37082,NA,NA,997,4/20/2017,April,Messor,0,0,NA,WT
SANS3,SAN,Salty steppe,SANS31,N32.26674 W2.39763,NA,NA,1000,4/20/2017,April,Messor,0,0,NA,WT
SANS4,SAN,Salty steppe,SANS41,N32.27118 W2.37016,NA,NA,1004,4/20/2017,April,Messor,1,0.0019,NA,WT
SANS5,SAN,Salty steppe,SANS51,N32.33981 W2.36162,NA,NA,1006,4/20/2017,April,Messor,7,0.02551,NA,WT
UB24SW1,REG,Reg,UB24SW11,N32.91747 W4.91167,32.91747,4.91167,1509,4/25/2015,April,Messor,0,0,NA,WT
UB24SW2,REG,Reg,UB24SW21,N32.91781 W4.88501,32.91781,4.88501,1517,4/25/2015,April,Messor,0,0,NA,WT
UB24SW3,EPA,Alluvial spread area,UB24SW31,N32.89505 W4.88427,32.89505,4.88427,1446,4/25/2015,April,Messor,0,0,NA,WT
UB24SW4,EPA,Alluvial spread area,UB24SW41,N32.89479 W4.91111,32.89479,4.91111,1463,4/25/2015,April,Messor,0,0,NA,WT
UB24SW5,REG,Reg,UB24SW51,N32.90639 W4.89868,32.90639,4.89868,1480,4/25/2015,April,Messor,0,0,NA,WT
VB02SE1,REG,Reg,VB02SE11,N32.74766 W4.00092,32.74766,4.00092,1243,5/1/2015,April,Messor,0,0,NA,WT
VB02SE2,REG,Reg,VB02SE21,N32.74785 W3.97404,32.74785,3.97404,1248,5/1/2015,April,Messor,0,0,NA,WT
VB02SE3,REG,Reg,VB02SE31,N32.72507 W3.97363,32.72507,3.97363,1310,5/1/2015,April,Messor,0,0,NA,WT
VB02SE4,ALF,Macrochloa steppe,VB02SE41,N32.72484 W4.00028,32.72484,4.00028,1308,5/1/2015,April,Messor,0,0,NA,WT
VB02SE5,EPA,Alluvial spread area,VB02SE51,N32.73640 W3.98738,32.7364,3.98738,1271,5/1/2015,April,Messor,0,0,NA,WT
VB14SW1,REG,Reg,VB14SW11,N32.92837 W3.94942,32.92837,3.94942,1034,4/30/2015,April,Messor,0,0,NA,WT
VB14SW2,REG,Reg,VB14SW21,N32.92820 W3.92241,32.9282,3.92241,1040,4/30/2015,April,Messor,0,0,NA,WT
VB14SW3,REG,Reg,VB14SW31,N32.90604 W3.92205,32.90604,3.92205,1062,4/30/2015,April,Messor,0,0,NA,WT
VB14SW4,EPA,Alluvial spread area,VB14SW41,N32.90579 W3.94901,32.90579,3.94901,1048,4/30/2015,April,Messor,0,0,NA,WT
VB14SW5,REG,Reg,VB14SW51,N32.91728 W3.93573,32.91728,3.93573,1040,4/30/2015,April,Messor,0,0,NA,WT
VB17NW1,REG,Reg,VB17NW11,N33.24393 W3.95261,33.24393,3.95261,988,4/28/2015,April,Messor,1,0.00148,NA,WT
VB17NW2,REG,Reg,VB17NW21,N33.24432 W3.92586,33.24432,3.92586,938,4/28/2015,April,Messor,0,0,NA,WT
VB17NW3,REG,Reg,VB17NW31,N33.22191 W3.92567,33.22191,3.92567,945,4/28/2015,April,Messor,1,0.00096,NA,WT
VB17NW4,REG,Reg,VB17NW41,N33.22150 W3.95235,33.2215,3.95235,955,4/28/2015,April,Messor,0,0,NA,WT
VB17NW5,REG,Reg,VB17NW51,N33.23296 W3.93897,33.23296,3.93897,951,4/28/2015,April,Messor,1,0.00095,NA,WT
VB84NW1,REG,Reg,VB84NW11,N32.97675 W3.20088,32.97675,3.20088,1678,5/1/2015,April,Messor,0,0,NA,WT
VB84NW2,REG,Reg,VB84NW21,N32.97704 W3.17403,32.97704,3.17403,1660,5/1/2015,April,Messor,0,0,NA,WT
VB84NW3,REG,Reg,VB84NW31,N32.95861 W3.17567,32.95861,3.17567,1732,5/1/2015,April,Messor,0,0,NA,WT
VB84NW4,REG,Reg,VB84NW43,N32.95170 W3.19753,32.9517,3.19753,1656,5/1/2015,April,Messor,1,0.00096,NA,WT
VB84NW5,ALF,Macrochloa steppe,VB84NW51,N32.96347 W3.19312,32.96347,3.19312,1682,5/1/2015,April,Messor,0,0,NA,WT
VB85SE1,REG,Reg,VB85SE12,N33.02240 W3.14654,33.0224,3.14654,1611,4/30/2015,April,Messor,2,0.0034,NA,WT
VB85SE2,REG,Reg,VB85SE24,N33.02182 W3.12052,33.02182,3.12052,1620,4/30/2015,April,Messor,0,0,NA,WT
VB85SE3,REG,Reg,VB85SE31,N32.99997 W3.12066,32.99997,3.12066,1627,4/30/2015,April,Messor,0,0,NA,WT
VB85SE4,REG,Reg,VB85SE42,N32.99926 W3.14677,32.99926,3.14677,1642,4/30/2015,April,Messor,1,0.00038,NA,WT
VB85SE5,REG,Reg,VB85SE51,N33.01084 W3.13399,33.01084,3.13399,1624,4/30/2015,April,Messor,0,0,NA,WT
VC52SE1,REG,Reg,VC52SE11,N33.65271 W3.47184,33.65271,3.47184,882,4/27/2015,April,Messor,0,0,NA,WT
VC52SE2,REG,Reg,VC52SE21,N33.65283 W3.44492,33.65283,3.44492,808,4/27/2015,April,Messor,0,0,NA,WT
VC52SE3,REG,Reg,VC52SE31,N33.63023 W3.44488,33.63023,3.44488,866,4/27/2015,April,Messor,0,0,NA,WT
VC52SE4,REG,Reg,VC52SE41,N33.63016 W3.47177,33.63016,3.47177,838,4/27/2015,April,Messor,0,0,NA,WT
VC52SE5,REG,Reg,VC52SE51,N33.64152 W3.45841,33.64152,3.45841,843,4/27/2015,April,Messor,0,0,NA,WT
WA67CHENOPOD5,EPA,Alluvial spread area,WA67CHENOPOD51,N32.34732 W2.30805,NA,NA,1016,4/18/2017,April,Messor,0,0,NA,WT
WA67NW1,EPA,Alluvial spread area,WA67NW12,N32.34451 W2.34913,NA,NA,1010,4/18/2017,April,Messor,1,0.00175,NA,WT
WA67NW2,EPA,Alluvial spread area,WA67NW21,N32.34391 W2.32256,NA,NA,1014,4/18/2017,April,Messor,0,0,NA,WT
WA67NW3,EPA,Alluvial spread area,WA67NW31,N32.32129 W2.32279,NA,NA,1016,4/18/2017,April,Messor,0,0,NA,WT
WA67NW4,EPA,Alluvial spread area,WA67NW41,N32.32143 W2.34931,NA,NA,1012,4/18/2017,April,Messor,0,0,NA,WT
WA67NW5,EPA,Alluvial spread area,WA67NW51,N32.33265 W2.33594,NA,NA,1009,4/18/2017,April,Messor,0,0,NA,WT
WB61NE1,ALF,Macrochloa steppe,WB61NE11,N32.70452 W2.29322,32.70452,2.29322,1438,5/2/2015,April,Messor,5,0.00652,NA,WT
WB61NE2,ALF,Macrochloa steppe,WB61NE21,N32.70424 W2.26634,32.70424,2.26634,1466,5/2/2015,April,Messor,0,0,NA,WT
WB61NE3,ALF,Macrochloa steppe,WB61NE31,N32.68708 W2.25530,32.68708,2.2553,1525,5/2/2015,April,Messor,0,0,NA,WT
WB61NE4,ALF,Macrochloa steppe,WB61NE41,N32.68205 W2.29343,32.68205,2.29343,1463,5/2/2015,April,Messor,2,0.00161,NA,WT
WB61NE5,ALF,Macrochloa steppe,WB61NE51,N32.69328 W2.27979,32.69328,2.27979,1462,5/2/2015,April,Messor,32,0.03939,NA,WT
WC24NE1,ALF,Macrochloa steppe,WC24NE11,N33.87870 W2.71618,33.8787,2.71618,1317,4/29/2015,April,Messor,0,0,NA,WT
WC24NE2,ALF,Macrochloa steppe,WC24NE22,N33.87870 W2.68871,33.8787,2.68871,1327,4/29/2015,April,Messor,0,0,NA,WT
WC24NE3,ALF,Macrochloa steppe,WC24NE31,N33.85604 W2.68924,33.85604,2.68924,1306,4/29/2015,April,Messor,0,0,NA,WT
WC24NE4,ALF,Macrochloa steppe,WC24NE41,N33.85622 W2.71620,33.85622,2.7162,1323,4/29/2015,April,Messor,0,0,NA,WT
WC24NE5,ALF,Macrochloa steppe,WC24NE51,N33.86736 W2.70264,33.86736,2.70264,1332,4/29/2015,April,Messor,1,0.00112,NA,WT
WC43NE1,EPA,Alluvial spread area,WC43NE11,N33.78798 W2.50083,33.78798,2.50083,1103,4/28/2015,April,Messor,7,0.01385,NA,WT
WC43NE2,EPA,Alluvial spread area,WC43NE21,N33.78770 W2.47344,33.7877,2.47344,1109,4/28/2015,April,Messor,3,0.00295,NA,WT
WC43NE3,EPA,Alluvial spread area,WC43NE31,N33.76496 W2.47338,33.76496,2.47338,1102,4/28/2015,April,Messor,8,0.0213,NA,WT
WC43NE4,EPA,Alluvial spread area,WC43NE41,N33.76519 W2.50103,33.76519,2.50103,1112,4/28/2015,April,Messor,3,0.00289,NA,WT
WC43NE5,EPA,Alluvial spread area,WC43NE51,N33.77239 W2.48479,33.77239,2.48479,1111,4/28/2015,April,Messor,1,0.00095,NA,WT
