Refernce_Point_Name,Refernce_Point_Latitude,Refernce_Point_Longitude
AKK003,29.124,-8.413
AKK004,29.124,-8.383
AKK006,29.149,-8.415
AKK007,29.149,-8.383
AKK008,29.150,-8.355
AKK011,29.177,-8.444
AKK012,29.177,-8.412
AKK013,29.176,-8.383
AKK014,29.176,-8.352
AKK015,29.177,-8.320
AKK017,29.203,-8.475
AKK018,29.203,-8.445
AKK019,29.203,-8.415
AKK021,29.201,-8.350
AKK022,29.203,-8.322
AKK023,29.204,-8.293
AKK026,29.231,-8.475
AKK027,29.231,-8.444
AKK028,29.228,-8.414
AKK029,29.231,-8.384
AKK030,29.230,-8.352
AKK032,29.230,-8.290
AKK035,29.258,-8.444
AKK036,29.258,-8.413
AKK037,29.259,-8.382
AKK038,29.257,-8.352
AKK039,29.260,-8.321
AKK041,29.257,-8.259
AKK042,29.259,-8.231
AKK043,29.255,-8.199
AKK045,29.285,-8.413
AKK046,29.285,-8.382
AKK047,29.283,-8.350
AKK048,29.284,-8.321
AKK049,29.284,-8.289
AKK050,29.283,-8.257
AKK051,29.282,-8.226
AKK052,29.284,-8.198
AKK055,29.312,-8.352
AKK056,29.311,-8.320
AKK057,29.313,-8.288
AKK058,29.311,-8.258
AKK063,29.338,-8.260
AKK064,29.339,-8.227
BAT001,33.069,-4.011
BAT002,33.096,-4.011
BAT003,33.096,-3.978
BAT004,33.124,-4.074
BAT005,33.123,-4.044
BAT006,33.123,-4.011
BAT007,33.123,-3.977
BAT008,33.123,-3.946
BAT009,33.151,-4.077
BAT010,33.149,-4.045
BAT011,33.150,-4.011
BAT012,33.150,-3.977
BAT013,33.150,-3.946
BAT014,33.150,-3.914
BAT015,33.175,-4.106
BAT016,33.177,-4.075
BAT017,33.178,-4.041
BAT018,33.176,-4.010
BAT019,33.177,-3.978
BAT020,33.176,-3.946
BAT021,33.178,-3.914
BAT022,33.204,-4.139
BAT025,33.203,-4.045
BAT026,33.207,-4.010
BAT027,33.206,-3.979
BAT028,33.204,-3.947
BAT029,33.203,-3.914
BAT030,33.204,-3.882
BAT033,33.230,-4.047
BAT034,33.231,-4.011
BAT035,33.233,-3.976
BAT036,33.230,-3.948
BAT037,33.231,-3.914
BAT038,33.231,-3.882
BAT039,33.231,-3.849
BAT043,33.260,-3.979
BAT044,33.258,-3.946
BAT045,33.258,-3.915
BAT046,33.258,-3.881
BAT047,33.258,-3.850
BAT048,33.259,-3.816
BAT051,33.285,-3.978
BAT052,33.285,-3.946
BAT053,33.286,-3.914
BAT054,33.286,-3.882
BAT055,33.285,-3.850
BAT056,33.286,-3.817
BAT059,33.312,-3.978
BAT060,33.313,-3.949
BAT061,33.313,-3.913
BAT062,33.312,-3.882
BAT063,33.311,-3.849
BAT064,33.312,-3.817
BAT065,33.313,-3.784
BAT067,33.345,-3.945
BAT068,33.336,-3.913
BAT069,33.339,-3.882
BAT070,33.339,-3.847
BAT071,33.338,-3.819
BAT072,33.338,-3.786
BAT502,33.109,-3.993
BAT504,33.136,-4.026
BAT505,33.136,-3.994
BAT506,33.136,-3.961
BAT509,33.162,-4.026
BAT510,33.163,-3.994
BAT512,33.163,-3.929
BAT515,33.190,-4.025
BAT516,33.191,-3.994
BAT517,33.190,-3.962
BAT518,33.192,-3.928
BAT519,33.191,-3.898
BAT522,33.216,-4.027
BAT523,33.217,-3.994
BAT524,33.217,-3.962
BAT525,33.218,-3.930
BAT526,33.218,-3.898
BAT527,33.218,-3.866
BAT530,33.244,-3.995
BAT531,33.244,-3.963
BAT532,33.245,-3.930
BAT533,33.245,-3.898
BAT534,33.245,-3.866
BAT537,33.273,-3.963
BAT538,33.272,-3.931
BAT539,33.272,-3.898
BAT540,33.272,-3.866
BAT541,33.271,-3.835
BAT545,33.299,-3.898
BAT546,33.299,-3.866
BAT547,33.299,-3.834
BAT548,33.299,-3.802
BAT551,33.327,-3.867
BAT552,33.326,-3.834
BAT553,33.327,-3.802
BAT554,33.327,-3.770
EAS008,32.939,-1.996
EAS009,32.942,-1.963
EAS010,32.940,-1.933
EAS011,32.942,-1.899
EAS012,32.940,-1.866
EAS013,32.940,-1.832
EAS014,32.940,-1.800
EAS015,32.940,-1.770
EAS016,32.937,-1.739
EAS017,32.941,-1.704
EAS018,32.969,-1.995
EAS019,32.971,-1.961
EAS020,32.968,-1.931
EAS021,32.967,-1.900
EAS022,32.968,-1.864
EAS023,32.964,-1.834
EAS024,32.968,-1.799
EAS025,32.965,-1.770
EAS026,32.968,-1.740
EAS027,32.965,-1.703
EAS028,32.995,-1.930
EAS029,32.996,-1.899
EAS030,32.996,-1.865
EAS031,32.994,-1.834
EAS032,32.995,-1.800
EAS033,32.996,-1.769
EAS034,32.994,-1.736
EAS035,32.992,-1.707
EAS036,33.023,-1.898
EAS037,33.021,-1.868
EAS038,33.021,-1.831
EAS039,33.020,-1.804
EAS040,33.019,-1.772
EAS041,33.019,-1.736
EAS042,33.020,-1.702
EAS043,33.049,-1.897
EAS044,33.049,-1.862
EAS045,33.049,-1.834
EAS046,33.047,-1.798
EAS047,33.048,-1.770
EAS048,33.046,-1.735
EAS049,33.047,-1.703
EAS050,33.079,-1.898
EAS051,33.076,-1.865
EAS052,33.075,-1.833
EAS053,33.074,-1.803
EAS054,33.074,-1.768
EAS055,33.074,-1.736
EAS056,33.074,-1.704
EAS057,33.105,-1.961
EAS058,33.101,-1.927
EAS059,33.105,-1.896
EAS060,33.102,-1.868
EAS061,33.103,-1.832
EAS062,33.104,-1.801
EAS063,33.103,-1.767
EAS064,33.102,-1.733
EAS065,33.101,-1.704
EAS066,33.131,-1.962
EAS067,33.131,-1.932
EAS069,33.130,-1.864
EAS070,33.130,-1.833
EAS071,33.129,-1.800
EAS072,33.129,-1.768
EAS073,33.127,-1.736
EAS074,33.156,-1.801
EAS075,33.156,-1.767
EAS076,33.185,-1.992
EAS077,33.185,-1.957
EAS081,33.185,-1.829
EAS082,33.186,-1.798
EAS083,33.214,-1.993
EAS084,33.211,-1.962
EAS085,33.212,-1.928
EAS086,33.212,-1.894
EAS087,33.211,-1.863
EAS088,33.211,-1.831
EAS089,33.210,-1.799
EAS090,33.239,-1.992
EAS091,33.239,-1.959
EAS092,33.239,-1.927
EAS093,33.238,-1.895
EAS094,33.238,-1.863
EAS095,33.238,-1.831
EAS096,33.238,-1.798
EAS097,33.266,-1.959
EAS098,33.266,-1.927
EAS099,33.266,-1.895
EAS100,33.265,-1.862
EAS101,33.265,-1.830
EAS102,33.265,-1.798
EAS103,33.293,-1.959
EAS104,33.293,-1.927
EAS105,33.293,-1.894
EAS106,33.294,-1.862
EAS107,33.292,-1.830
EAS108,33.292,-1.798
EAS109,33.320,-1.958
EAS110,33.317,-1.925
EAS111,33.320,-1.894
EAS112,33.319,-1.862
EAS113,33.319,-1.830
EAS114,33.319,-1.797
EAS115,33.347,-1.926
EAS116,33.347,-1.894
EAS117,33.346,-1.861
EAS118,33.346,-1.829
EAS119,33.346,-1.797
EAS120,33.374,-1.926
EAS121,33.374,-1.893
EAS122,33.373,-1.861
EAS123,33.373,-1.829
EAS124,33.373,-1.797
EAS125,33.401,-1.925
EAS126,33.401,-1.893
EAS127,33.400,-1.861
EAS128,33.400,-1.828
EAS129,33.400,-1.796
EAS130,33.428,-1.925
EAS131,33.428,-1.893
EAS132,33.428,-1.860
EAS133,33.427,-1.828
EAS134,33.427,-1.796
EAS135,33.427,-1.764
EAS136,33.455,-1.925
EAS137,33.455,-1.892
EAS138,33.455,-1.861
EAS139,33.454,-1.828
EAS140,33.454,-1.795
EAS141,33.454,-1.763
EAS142,33.482,-1.924
EAS143,33.482,-1.892
EAS144,33.482,-1.860
EAS145,33.481,-1.827
EAS146,33.481,-1.795
EAS147,33.481,-1.763
EAS148,33.509,-1.924
EAS149,33.509,-1.892
EAS150,33.509,-1.859
EAS151,33.508,-1.827
EAS152,33.508,-1.795
EAS153,33.536,-1.924
EAS154,33.536,-1.891
EAS155,33.536,-1.859
EAS156,33.536,-1.827
EAS157,33.535,-1.794
EAS158,33.564,-1.924
EAS159,33.563,-1.891
EAS160,33.561,-1.860
EAS161,33.563,-1.826
EAS162,33.564,-1.793
EAS163,33.590,-1.923
EAS164,33.590,-1.891
EAS165,33.590,-1.858
EAS166,33.590,-1.826
EAS167,33.617,-1.923
EAS168,33.617,-1.890
EAS169,33.617,-1.858
EAS170,33.617,-1.826
EAS171,33.645,-1.954
EAS172,33.644,-1.922
EAS173,33.645,-1.891
EAS174,33.644,-1.860
EAS175,33.672,-1.954
EAS176,33.672,-1.922
EAS177,33.671,-1.890
EAS178,33.699,-1.954
EAS179,33.699,-1.922
EAS180,33.698,-1.889
EAS181,33.726,-1.954
EAS182,33.726,-1.921
EAS183,33.725,-1.889
EAS184,33.753,-1.954
EAS185,33.753,-1.921
EAS186,33.752,-1.889
EAS187,33.752,-1.856
EAS188,33.780,-1.953
EAS189,33.780,-1.921
EAS190,33.779,-1.888
EAS191,33.779,-1.856
EAS192,33.807,-1.953
EAS193,33.807,-1.920
EAS194,33.807,-1.888
EAS195,33.806,-1.856
EAS196,33.835,-1.985
EAS197,33.834,-1.952
EAS198,33.834,-1.920
EAS199,33.834,-1.887
EAS200,33.833,-1.855
EAS201,33.862,-1.984
EAS202,33.861,-1.952
EAS203,33.862,-1.921
EAS204,33.861,-1.887
EAS205,33.861,-1.854
EAS206,33.889,-1.984
EAS207,33.888,-1.949
EAS208,33.888,-1.919
EAS209,33.888,-1.887
EAS210,33.888,-1.854
EAS227,33.589,-1.793
EAS300,33.237,-1.766
EAS301,33.264,-1.766
EAS302,33.264,-1.734
EAS303,33.291,-1.765
EAS304,33.291,-1.733
EAS305,33.318,-1.765
EAS306,33.318,-1.733
EAS307,33.345,-1.765
EAS308,33.345,-1.732
EAS309,33.372,-1.767
EAS310,33.372,-1.732
EAS311,33.400,-1.764
EAS312,33.399,-1.732
EAS313,33.426,-1.731
EAS314,33.453,-1.731
EAS315,33.453,-1.699
EAS316,33.480,-1.731
EAS317,33.480,-1.698
EAS318,33.508,-1.762
EAS319,33.507,-1.730
EAS320,33.507,-1.698
EAS321,33.535,-1.762
EAS322,33.535,-1.730
EAS323,33.534,-1.697
EAS324,33.562,-1.762
EAS325,33.562,-1.729
EAS326,33.561,-1.697
EAS328,33.589,-1.762
EAS329,33.588,-1.730
EAS330,33.615,-1.728
EAS331,33.616,-1.793
EAS332,33.616,-1.759
EAS334,33.644,-1.827
EAS335,33.641,-1.791
EAS336,33.645,-1.759
EAS337,33.671,-1.858
EAS338,33.671,-1.825
EAS339,33.670,-1.792
EAS340,33.698,-1.857
EAS341,33.698,-1.824
EAS342,33.725,-1.856
EAS343,33.726,-1.826
EAS344,33.752,-1.824
EAS345,33.751,-1.789
EAS346,33.779,-1.823
EAS347,33.780,-1.790
EAS348,33.806,-1.823
EAS349,33.806,-1.791
EAS350,33.805,-1.758
EAS351,33.833,-1.822
EAS352,33.835,-1.790
EAS353,33.831,-1.759
EAS354,33.861,-1.823
EAS355,33.860,-1.790
EGC004,30.610,28.591
EGC005,30.610,28.643
EGC011,30.656,28.539
EGC012,30.656,28.592
EGC013,30.653,28.643
EGC014,30.654,28.696
EGC018,30.702,28.488
EGC019,30.700,28.540
EGC020,30.701,28.592
EGC021,30.701,28.643
EGC022,30.699,28.700
EGC023,30.699,28.749
EGC025,30.747,28.436
EGC026,30.747,28.488
EGC027,30.747,28.541
EGC028,30.746,28.593
EGC029,30.744,28.647
EGC030,30.744,28.698
EGC031,30.744,28.747
EGC033,30.793,28.437
EGC034,30.792,28.489
EGC035,30.791,28.543
EGC036,30.791,28.595
EGC037,30.793,28.647
EGC038,30.789,28.699
EGC041,30.835,28.439
EGC105,30.590,28.617
EGC112,30.631,28.565
EGC113,30.633,28.619
EGC114,30.632,28.669
EGC119,30.679,28.514
EGC120,30.678,28.566
EGC121,30.678,28.618
EGC122,30.677,28.670
EGC123,30.676,28.722
EGC127,30.724,28.514
EGC128,30.723,28.567
EGC129,30.723,28.619
EGC130,30.720,28.671
EGC131,30.721,28.723
EGC132,30.721,28.776
EGC133,30.770,28.411
EGC134,30.770,28.463
EGC135,30.770,28.518
EGC136,30.768,28.568
EGC137,30.768,28.619
EGC138,30.767,28.672
EGC139,30.765,28.727
EGC140,30.766,28.776
EGC141,30.815,28.411
EGC142,30.815,28.464
EGC143,30.815,28.516
EGC144,30.813,28.568
EGC145,30.812,28.620
EGE002,30.515,28.902
EGE003,30.513,28.952
EGE004,30.515,29.004
EGE005,30.514,29.061
EGE006,30.513,29.110
EGE007,30.512,29.161
EGE009,30.562,28.851
EGE010,30.561,28.903
EGE011,30.560,28.955
EGE012,30.559,29.007
EGE013,30.559,29.059
EGE014,30.558,29.111
EGE015,30.556,29.163
EGE017,30.607,28.852
EGE018,30.606,28.904
EGE019,30.605,28.956
EGE020,30.603,29.006
EGE021,30.604,29.060
EGE022,30.603,29.112
EGE023,30.602,29.164
EGE024,30.598,29.215
EGE026,30.652,28.905
EGE027,30.650,28.957
EGE028,30.650,29.009
EGE029,30.647,29.062
EGE032,30.646,29.218
EGE034,30.696,28.905
EGE035,30.696,28.958
EGE036,30.694,29.009
EGE101,30.541,28.826
EGE103,30.540,28.929
EGE104,30.537,28.981
EGE105,30.535,29.034
EGE106,30.535,29.084
EGE107,30.535,29.137
EGE108,30.532,29.188
EGE109,30.585,28.824
EGE110,30.584,28.877
EGE111,30.581,28.930
EGE112,30.582,28.981
EGE113,30.581,29.033
EGE114,30.582,29.085
EGE115,30.579,29.139
EGE116,30.579,29.190
EGE118,30.629,28.878
EGE119,30.628,28.930
EGE120,30.627,28.983
EGE121,30.627,29.035
EGE122,30.626,29.087
EGE123,30.625,29.139
EGE124,30.623,29.190
EGE126,30.674,28.879
EGE127,30.673,28.931
EGE128,30.673,28.983
EGE132,30.669,29.192
ENJ002,33.058,-4.684
ENJ003,33.056,-4.653
ENJ004,33.054,-4.624
ENJ009,33.082,-4.715
ENJ010,33.083,-4.686
ENJ011,33.081,-4.655
ENJ012,33.083,-4.622
ENJ013,33.080,-4.587
ENJ014,33.083,-4.558
ENJ015,33.083,-4.525
ENJ018,33.110,-4.685
ENJ019,33.110,-4.653
ENJ020,33.111,-4.620
ENJ021,33.108,-4.587
ENJ022,33.108,-4.554
ENJ023,33.110,-4.525
ENJ025,33.137,-4.685
ENJ026,33.138,-4.651
ENJ027,33.137,-4.621
ENJ028,33.137,-4.589
ENJ029,33.137,-4.556
ENJ032,33.164,-4.653
ENJ033,33.164,-4.621
ENJ034,33.164,-4.589
ENJ035,33.164,-4.556
ENJ036,33.163,-4.525
ENJ038,33.193,-4.648
ENJ039,33.191,-4.621
ENJ040,33.190,-4.592
FAI008,29.824,-7.645
FAI010,29.818,-7.580
FAI011,29.820,-7.550
FAI012,29.847,-7.646
FAI013,29.845,-7.609
FAI014,29.849,-7.583
FAI015,29.846,-7.550
FAI016,29.847,-7.519
FAI020,29.873,-7.550
FAI021,29.873,-7.519
FAI022,29.873,-7.488
FAI023,29.873,-7.456
FAI025,29.900,-7.614
FAI026,29.900,-7.578
FAI027,29.901,-7.549
FAI028,29.901,-7.518
FAI029,29.898,-7.485
FAI030,29.902,-7.458
FAI031,29.898,-7.425
FAI034,29.927,-7.577
FAI035,29.927,-7.552
FAI036,29.927,-7.518
FAI037,29.927,-7.487
FAI038,29.924,-7.455
FAI039,29.925,-7.425
FAI043,29.954,-7.516
FAI044,29.954,-7.486
FAI045,29.955,-7.454
FAI047,29.954,-7.391
FAI048,29.955,-7.365
FAI049,29.954,-7.331
FAI052,29.981,-7.486
FAI053,29.982,-7.453
FAI054,29.979,-7.422
FAI056,29.982,-7.363
FAI057,29.978,-7.333
FAI058,29.981,-7.302
FAI059,30.009,-7.485
FAI060,30.008,-7.454
FAI061,30.006,-7.422
FAI062,30.007,-7.392
FAI063,30.005,-7.360
FAI064,30.009,-7.332
FAI065,30.003,-7.299
FAI068,30.033,-7.394
FAI069,30.035,-7.330
FAI070,30.034,-7.299
FAI202,29.834,-7.659
FAI203,29.834,-7.628
FAI204,29.834,-7.597
FAI205,29.833,-7.566
FAI206,29.833,-7.535
FAI208,29.861,-7.627
FAI210,29.860,-7.565
FAI211,29.861,-7.535
FAI212,29.860,-7.503
FAI214,29.888,-7.627
FAI217,29.887,-7.534
FAI218,29.887,-7.503
FAI219,29.887,-7.472
FAI220,29.886,-7.440
FAI221,29.915,-7.595
FAI222,29.915,-7.564
FAI223,29.915,-7.533
FAI224,29.914,-7.502
FAI226,29.913,-7.440
FAI227,29.913,-7.409
FAI229,29.941,-7.533
FAI231,29.941,-7.471
FAI233,29.939,-7.408
FAI234,29.939,-7.380
FAI236,29.968,-7.534
FAI237,29.968,-7.501
FAI238,29.968,-7.470
FAI239,29.967,-7.439
FAI241,29.967,-7.377
FAI242,29.966,-7.346
FAI244,29.995,-7.501
FAI245,29.995,-7.470
FAI246,29.993,-7.436
FAI247,29.994,-7.408
FAI248,29.994,-7.377
FAI250,29.993,-7.315
FAI252,30.022,-7.470
FAI254,30.019,-7.408
FAI255,30.021,-7.376
FAI257,30.020,-7.314
FAI258,30.020,-7.283
FZG005,29.768,-6.618
FZG006,29.768,-6.587
FZG007,29.766,-6.556
FZG011,29.796,-6.710
FZG012,29.796,-6.679
FZG013,29.795,-6.649
FZG014,29.795,-6.618
FZG015,29.795,-6.587
FZG016,29.794,-6.556
FZG022,29.825,-6.803
FZG023,29.824,-6.772
FZG024,29.824,-6.741
FZG025,29.822,-6.711
FZG027,29.822,-6.650
FZG028,29.824,-6.614
FZG029,29.820,-6.588
FZG030,29.821,-6.555
FZG036,29.852,-6.803
FZG037,29.851,-6.771
FZG038,29.851,-6.741
FZG039,29.851,-6.709
FZG040,29.851,-6.679
FZG041,29.846,-6.649
FZG042,29.848,-6.618
FZG043,29.848,-6.582
FZG044,29.848,-6.555
FZG050,29.875,-6.769
FZG051,29.878,-6.740
FZG052,29.879,-6.707
FZG056,29.874,-6.585
FZG057,29.875,-6.553
FZG063,29.907,-6.801
FZG064,29.905,-6.770
FZG065,29.903,-6.739
FZG066,29.905,-6.708
FZG074,29.937,-6.895
FZG075,29.934,-6.862
FZG076,29.936,-6.832
FZG077,29.930,-6.801
FZG078,29.933,-6.772
FZG079,29.934,-6.737
FZG084,29.962,-6.893
FZG085,29.959,-6.862
FZG086,29.961,-6.833
FZG087,29.960,-6.800
FZG088,29.960,-6.769
FZG092,29.991,-6.894
FZG093,29.986,-6.863
FZG094,29.985,-6.828
FZG095,29.987,-6.799
FZG096,30.015,-6.893
FZG097,30.014,-6.862
FZG098,30.014,-6.828
FZG100,30.041,-6.863
GUE008,34.034,-3.178
GUE009,34.033,-3.146
GUE013,34.061,-3.178
GUE014,34.061,-3.146
GUE015,34.061,-3.113
GUE018,34.087,-3.210
GUE019,34.086,-3.174
GUE020,34.085,-3.146
GUE021,34.086,-3.114
GUE022,34.086,-3.083
GUE023,34.087,-3.049
GUE029,34.114,-3.206
GUE030,34.115,-3.178
GUE031,34.116,-3.143
GUE032,34.118,-3.108
GUE033,34.115,-3.082
GUE034,34.115,-3.048
GUE035,34.114,-3.016
GUE040,34.141,-3.210
GUE041,34.142,-3.178
GUE042,34.141,-3.146
GUE043,34.141,-3.113
GUE044,34.142,-3.082
GUE045,34.141,-3.050
GUE053,34.168,-3.212
GUE055,34.171,-3.145
GUE056,34.169,-3.113
GUE065,34.195,-3.239
GUE066,34.196,-3.209
GUE067,34.202,-3.177
GUE068,34.197,-3.144
GUE069,34.196,-3.113
GUE071,34.195,-3.050
GUE072,34.195,-3.020
GUE082,34.221,-3.112
GUE084,34.221,-3.050
GUE094,34.248,-3.116
GUE095,34.249,-3.079
GUE105,34.275,-3.080
GUE106,34.276,-3.049
GUE113,34.304,-3.082
GUE120,34.329,-3.050
HEA001,33.025,-3.191
HEA002,33.024,-3.163
HEA003,33.015,-3.138
HEA004,33.022,-3.108
HEA010,33.048,-3.202
HEA011,33.047,-3.161
HEA012,33.050,-3.130
HEA013,33.047,-3.101
HEA019,33.074,-3.165
HEA020,33.074,-3.133
HEA021,33.073,-3.101
HEA022,33.076,-3.065
HEA023,33.075,-3.037
HEA024,33.074,-3.005
HEA025,33.074,-2.974
HEA026,33.074,-2.940
HEA028,33.099,-3.167
HEA029,33.101,-3.133
HEA030,33.105,-3.098
HEA031,33.104,-3.068
HEA032,33.101,-3.038
HEA033,33.100,-3.005
HEA034,33.100,-2.973
HEA035,33.102,-2.943
HEA036,33.100,-2.906
HEA042,33.125,-2.968
HEA043,33.129,-2.938
HEA044,33.134,-2.906
HSA001,32.805,-2.522
HSA002,32.805,-2.554
HSA003,32.805,-2.586
HSA005,32.805,-2.650
HSA006,32.805,-2.682
HSA007,32.831,-2.520
HSA008,32.832,-2.554
HSA010,32.832,-2.618
HSA011,32.832,-2.650
HSA012,32.832,-2.682
HSA013,32.858,-2.522
HSA014,32.859,-2.553
HSA016,32.859,-2.617
HSA018,32.886,-2.521
HSA019,32.886,-2.553
HSA020,32.885,-2.585
HSA021,32.886,-2.618
HSA022,32.886,-2.650
HSA024,32.913,-2.521
HSA025,32.913,-2.553
HSA026,32.913,-2.585
HSA027,32.913,-2.617
HSA028,32.913,-2.649
HSA031,32.940,-2.521
HSA032,32.941,-2.550
HSA033,32.940,-2.585
HSA034,32.941,-2.615
HSA035,32.941,-2.652
HSA037,32.967,-2.489
HSA038,32.968,-2.521
HSA039,32.967,-2.551
HSA040,32.968,-2.584
HSA041,32.966,-2.617
HSA043,32.993,-2.457
HSA044,32.994,-2.489
HSA045,32.994,-2.521
HSA046,32.991,-2.552
HSA047,32.994,-2.585
HSA048,32.994,-2.615
HSA050,33.021,-2.456
HSA051,33.022,-2.487
HSA052,33.021,-2.520
HSA053,33.021,-2.549
HSA054,33.023,-2.583
HSA055,33.023,-2.615
HSA058,33.046,-2.422
HSA060,33.048,-2.488
HSA061,33.048,-2.520
HSA062,33.050,-2.554
HSA063,33.048,-2.584
HSA065,33.074,-2.393
HSA066,33.076,-2.424
HSA073,33.102,-2.359
HSA074,33.101,-2.390
HSA075,33.102,-2.424
HSA076,33.104,-2.457
HSA078,33.102,-2.520
HSA080,33.130,-2.325
HSA081,33.131,-2.357
HSA082,33.128,-2.393
HSA083,33.129,-2.424
HSA084,33.129,-2.456
HSA085,33.130,-2.488
HSA086,33.132,-2.520
HSA087,33.129,-2.549
HSA088,33.156,-2.359
HSA089,33.156,-2.391
HSA090,33.157,-2.423
HSA091,33.156,-2.456
HSA092,33.157,-2.488
HSA093,33.155,-2.520
HSA094,33.157,-2.551
HSA509,32.819,-2.666
HSA510,32.819,-2.634
HSA511,32.819,-2.600
HSA512,32.818,-2.570
HSA513,32.818,-2.538
HSA516,32.846,-2.666
HSA517,32.846,-2.634
HSA518,32.846,-2.602
HSA519,32.846,-2.570
HSA520,32.845,-2.538
HSA523,32.872,-2.631
HSA524,32.873,-2.602
HSA525,32.873,-2.570
HSA529,32.900,-2.633
HSA530,32.900,-2.601
HSA532,32.899,-2.537
HSA535,32.927,-2.633
HSA536,32.927,-2.601
HSA538,32.927,-2.537
HSA541,32.954,-2.633
HSA542,32.954,-2.601
HSA543,32.954,-2.569
HSA544,32.954,-2.537
HSA545,32.953,-2.505
HSA548,32.981,-2.601
HSA549,32.981,-2.569
HSA550,32.981,-2.537
HSA551,32.981,-2.505
HSA552,32.980,-2.473
HSA555,33.008,-2.601
HSA556,33.008,-2.569
HSA557,33.008,-2.537
HSA559,33.008,-2.472
HSA562,33.035,-2.601
HSA563,33.035,-2.569
HSA564,33.035,-2.537
HSA565,33.035,-2.504
HSA566,33.035,-2.472
HSA567,33.034,-2.440
HSA570,33.062,-2.569
HSA571,33.062,-2.538
HSA572,33.062,-2.504
HSA573,33.061,-2.472
HSA574,33.062,-2.440
HSA575,33.061,-2.408
HSA577,33.089,-2.535
HSA578,33.088,-2.504
HSA580,33.089,-2.440
HSA581,33.088,-2.408
HSA582,33.088,-2.375
HSA585,33.116,-2.536
HSA586,33.116,-2.503
HSA587,33.116,-2.472
HSA588,33.116,-2.440
HSA589,33.115,-2.407
HSA590,33.115,-2.375
HSA591,33.115,-2.343
HSA594,33.143,-2.536
HSA595,33.143,-2.504
HSA596,33.143,-2.470
HSA597,33.143,-2.439
HSA598,33.143,-2.407
HSA599,33.142,-2.375
HSA600,33.142,-2.343
LET001,32.643,-2.681
LET002,32.643,-2.650
LET003,32.641,-2.547
LET004,32.642,-2.519
LET005,32.670,-2.842
LET006,32.670,-2.811
LET007,32.670,-2.619
LET008,32.671,-2.586
LET009,32.667,-2.556
LET010,32.670,-2.518
LET011,32.670,-2.489
LET012,32.671,-2.458
LET013,32.670,-2.423
LET014,32.696,-2.813
LET015,32.695,-2.779
LET016,32.697,-2.650
LET017,32.697,-2.618
LET018,32.698,-2.588
LET019,32.697,-2.552
LET020,32.698,-2.523
LET021,32.695,-2.492
LET022,32.697,-2.459
LET023,32.697,-2.425
LET024,32.698,-2.391
LET025,32.723,-2.779
LET026,32.724,-2.748
LET027,32.721,-2.680
LET028,32.721,-2.653
LET029,32.723,-2.618
LET030,32.725,-2.585
LET031,32.723,-2.553
LET032,32.725,-2.521
LET033,32.725,-2.488
LET034,32.751,-2.748
LET035,32.751,-2.718
LET036,32.751,-2.650
LET037,32.750,-2.618
LET038,32.750,-2.586
LET039,32.750,-2.554
LET040,32.752,-2.521
LET041,32.777,-2.715
LET042,32.778,-2.650
LET043,32.778,-2.618
LET044,32.777,-2.588
LET045,32.779,-2.555
LET511,32.656,-2.667
LET512,32.656,-2.634
LET513,32.656,-2.602
LET514,32.657,-2.570
LET515,32.657,-2.540
LET516,32.654,-2.508
LET517,32.656,-2.475
LET521,32.685,-2.825
LET522,32.684,-2.794
LET525,32.683,-2.634
LET526,32.683,-2.602
LET527,32.683,-2.570
LET528,32.683,-2.538
LET529,32.683,-2.506
LET530,32.683,-2.474
LET531,32.683,-2.442
LET532,32.682,-2.410
LET535,32.711,-2.794
LET536,32.711,-2.762
LET539,32.710,-2.666
LET540,32.710,-2.634
LET541,32.710,-2.602
LET542,32.710,-2.570
LET543,32.710,-2.538
LET544,32.710,-2.506
LET545,32.710,-2.474
LET546,32.710,-2.442
LET550,32.738,-2.762
LET551,32.738,-2.730
LET553,32.738,-2.666
LET554,32.737,-2.634
LET555,32.737,-2.602
LET556,32.737,-2.570
LET557,32.737,-2.538
LET558,32.737,-2.506
LET561,32.765,-2.730
LET562,32.765,-2.698
LET564,32.765,-2.631
LET565,32.764,-2.602
LET566,32.764,-2.570
LET567,32.764,-2.538
LET570,32.792,-2.698
LET571,32.792,-2.666
LET572,32.792,-2.634
LET573,32.792,-2.603
LET574,32.791,-2.570
LET575,32.791,-2.538
MAT021,33.434,-2.794
MAT022,33.430,-2.759
MAT023,33.432,-2.729
MAT024,33.433,-2.698
MAT025,33.430,-2.669
MAT026,33.432,-2.634
MAT028,33.431,-2.571
MAT029,33.434,-2.538
MAT030,33.460,-2.792
MAT031,33.458,-2.760
MAT032,33.459,-2.728
MAT033,33.460,-2.696
MAT034,33.460,-2.666
MAT035,33.460,-2.633
MAT036,33.460,-2.601
MAT037,33.458,-2.571
MAT038,33.460,-2.538
MAT039,33.461,-2.504
MAT054,33.486,-2.824
MAT055,33.486,-2.791
MAT057,33.490,-2.729
MAT058,33.488,-2.696
MAT059,33.486,-2.666
MAT060,33.486,-2.632
MAT061,33.486,-2.601
MAT062,33.485,-2.571
MAT063,33.486,-2.538
MAT064,33.487,-2.504
MAT065,33.486,-2.473
MAT066,33.510,-2.822
MAT067,33.514,-2.792
MAT068,33.512,-2.760
MAT069,33.514,-2.730
MAT071,33.514,-2.665
MAT072,33.513,-2.632
MAT073,33.514,-2.600
MAT074,33.512,-2.571
MAT075,33.514,-2.537
MAT076,33.514,-2.505
MAT077,33.514,-2.475
MAT087,33.539,-2.855
MAT088,33.540,-2.823
MAT089,33.544,-2.793
MAT091,33.542,-2.731
MAT092,33.540,-2.698
MAT093,33.540,-2.666
MAT094,33.540,-2.634
MAT095,33.540,-2.602
MAT096,33.539,-2.571
MAT097,33.540,-2.538
MAT098,33.540,-2.504
MAT099,33.540,-2.474
MAT102,33.569,-2.856
MAT103,33.567,-2.823
MAT104,33.572,-2.794
MAT108,33.569,-2.668
MAT109,33.566,-2.632
MAT110,33.568,-2.601
MAT111,33.566,-2.571
MAT112,33.568,-2.537
MAT113,33.569,-2.503
MAT114,33.568,-2.474
MAT120,33.596,-2.853
MAT121,33.595,-2.821
MAT122,33.593,-2.792
MAT124,33.594,-2.730
MAT125,33.594,-2.698
MAT126,33.594,-2.666
MAT127,33.594,-2.633
MAT128,33.594,-2.602
MAT129,33.593,-2.571
MAT130,33.594,-2.538
MAT131,33.594,-2.504
MAT132,33.594,-2.474
MAT133,33.595,-2.440
MAT134,33.594,-2.409
MAT135,33.595,-2.376
MAT137,33.621,-2.824
MAT138,33.621,-2.791
MAT141,33.623,-2.700
MAT142,33.622,-2.662
MAT143,33.622,-2.634
MAT144,33.623,-2.601
MAT145,33.620,-2.571
MAT146,33.622,-2.536
MAT147,33.622,-2.502
MAT148,33.622,-2.473
MAT149,33.622,-2.440
MAT150,33.622,-2.410
MAT151,33.621,-2.375
MAT152,33.648,-2.858
MAT155,33.647,-2.760
MAT156,33.648,-2.730
MAT157,33.648,-2.699
MAT158,33.648,-2.666
MAT159,33.649,-2.634
MAT160,33.648,-2.602
MAT162,33.645,-2.536
MAT163,33.648,-2.504
MAT164,33.648,-2.474
MAT165,33.649,-2.439
MAT166,33.648,-2.409
MAT167,33.648,-2.373
MAT170,33.675,-2.855
MAT171,33.676,-2.824
MAT172,33.675,-2.789
MAT173,33.674,-2.760
MAT174,33.675,-2.730
MAT175,33.676,-2.698
MAT176,33.675,-2.666
MAT177,33.675,-2.632
MAT178,33.677,-2.601
MAT180,33.675,-2.538
MAT181,33.678,-2.504
MAT182,33.675,-2.473
MAT183,33.676,-2.440
MAT184,33.675,-2.409
MAT185,33.675,-2.374
MAT186,33.703,-2.857
MAT187,33.703,-2.824
MAT188,33.702,-2.792
MAT189,33.701,-2.760
MAT190,33.702,-2.730
MAT191,33.703,-2.698
MAT192,33.702,-2.666
MAT193,33.703,-2.632
MAT194,33.702,-2.602
MAT195,33.701,-2.571
MAT196,33.702,-2.538
MAT197,33.703,-2.504
MAT198,33.702,-2.474
MAT199,33.701,-2.438
MAT200,33.702,-2.409
MAT201,33.702,-2.374
MAT202,33.702,-2.345
MAT204,33.702,-2.281
MAT205,33.730,-2.822
MAT206,33.730,-2.794
MAT207,33.728,-2.760
MAT209,33.729,-2.698
MAT210,33.729,-2.665
MAT211,33.730,-2.632
MAT212,33.729,-2.601
MAT214,33.729,-2.537
MAT215,33.731,-2.505
MAT217,33.729,-2.475
MAT219,33.730,-2.440
MAT220,33.729,-2.409
MAT221,33.730,-2.374
MAT222,33.729,-2.344
MAT223,33.730,-2.314
MAT226,33.675,-2.345
MAT229,33.756,-2.794
MAT230,33.754,-2.762
MAT231,33.756,-2.730
MAT232,33.759,-2.698
MAT233,33.756,-2.666
MAT234,33.757,-2.632
MAT235,33.756,-2.602
MAT237,33.756,-2.538
MAT238,33.757,-2.502
MAT239,33.756,-2.474
MAT240,33.757,-2.440
MAT241,33.756,-2.409
MAT242,33.757,-2.376
MAT243,33.756,-2.345
MAT244,33.757,-2.313
MAT245,33.756,-2.281
MAT247,33.756,-2.217
MAT248,33.784,-2.696
MAT249,33.783,-2.666
MAT250,33.784,-2.632
MAT251,33.783,-2.600
MAT252,33.782,-2.571
MAT253,33.783,-2.538
MAT254,33.784,-2.502
MAT255,33.783,-2.473
MAT256,33.784,-2.440
MAT257,33.783,-2.410
MAT258,33.785,-2.375
MAT259,33.783,-2.344
MAT260,33.784,-2.313
MAT261,33.784,-2.281
MAT262,33.784,-2.248
MAT263,33.783,-2.217
MAT267,33.810,-2.666
MAT268,33.811,-2.632
MAT269,33.810,-2.602
MAT270,33.809,-2.571
MAT271,33.810,-2.538
MAT272,33.811,-2.503
MAT273,33.810,-2.473
MAT274,33.811,-2.440
MAT275,33.810,-2.409
MAT276,33.811,-2.375
MAT277,33.810,-2.345
MAT278,33.811,-2.312
MAT279,33.810,-2.281
MAT280,33.811,-2.248
MAT281,33.810,-2.217
MAT282,33.837,-2.538
MAT283,33.838,-2.504
MAT284,33.837,-2.475
MAT285,33.838,-2.440
MAT286,33.837,-2.410
MAT288,33.837,-2.345
MAT289,33.837,-2.313
MAT290,33.837,-2.281
MAT291,33.838,-2.248
MAT294,33.864,-2.473
MAT295,33.865,-2.440
MAT296,33.864,-2.409
MAT297,33.866,-2.373
MAT298,33.864,-2.345
MAT299,33.865,-2.313
MAT300,33.865,-2.280
MAT301,33.865,-2.248
MAT302,33.892,-2.440
MAT303,33.891,-2.410
MAT305,33.891,-2.344
MAT306,33.892,-2.312
MAT307,33.892,-2.281
MAT308,33.892,-2.246
MAT318,33.918,-2.409
MAT319,33.919,-2.377
MAT320,33.918,-2.345
MAT321,33.919,-2.313
MAT322,33.918,-2.281
MAT323,33.945,-2.377
MAT324,33.945,-2.344
MAT325,33.946,-2.312
MAT326,33.945,-2.280
MAT340,33.972,-2.345
MAT341,33.973,-2.312
MAT342,33.972,-2.281
MEN015,32.295,-2.296
MEN016,32.296,-2.269
MEN017,32.295,-2.235
MEN018,32.296,-2.207
MEN020,32.295,-2.140
MEN021,32.289,-2.109
MEN022,32.294,-2.076
MEN023,32.323,-2.267
MEN024,32.322,-2.235
MEN025,32.321,-2.203
MEN026,32.322,-2.171
MEN027,32.322,-2.139
MEN028,32.322,-2.108
MEN029,32.321,-2.076
MEN030,32.321,-2.044
MEN031,32.350,-2.235
MEN032,32.349,-2.203
MEN033,32.349,-2.171
MEN034,32.349,-2.139
MEN035,32.349,-2.107
MEN036,32.349,-2.076
MEN037,32.348,-2.044
MEN039,32.376,-2.171
MEN040,32.376,-2.139
MEN041,32.376,-2.107
MEN042,32.376,-2.075
MEN044,32.403,-2.139
MEN045,32.403,-2.107
MEN047,32.430,-2.107
MEN212,32.282,-2.251
MEN213,32.283,-2.215
MEN214,32.282,-2.189
MEN215,32.281,-2.156
MEN216,32.281,-2.124
MEN217,32.281,-2.092
MEN219,32.309,-2.251
MEN221,32.308,-2.188
MEN222,32.308,-2.156
MEN224,32.307,-2.089
MEN225,32.302,-2.066
MEN226,32.336,-2.251
MEN227,32.336,-2.219
MEN228,32.338,-2.185
MEN229,32.336,-2.155
MEN230,32.335,-2.123
MEN231,32.335,-2.092
MEN232,32.338,-2.060
MEN233,32.363,-2.187
MEN234,32.363,-2.155
MEN235,32.362,-2.123
MEN236,32.362,-2.091
MEN238,32.390,-2.155
MEN239,32.389,-2.123
MEN240,32.389,-2.091
MEN241,32.416,-2.123
MEN242,32.416,-2.091
MOU002,32.856,-3.947
MOU003,32.857,-3.917
MOU004,32.855,-3.887
MOU013,32.883,-3.951
MOU014,32.882,-3.914
MOU015,32.884,-3.886
MOU016,32.886,-3.855
MOU017,32.883,-3.819
MOU018,32.885,-3.789
MOU024,32.910,-3.951
MOU025,32.910,-3.918
MOU026,32.910,-3.886
MOU027,32.911,-3.853
MOU028,32.911,-3.822
MOU029,32.911,-3.790
MOU030,32.909,-3.759
MOU031,32.911,-3.727
MOU035,32.937,-3.951
MOU036,32.938,-3.918
MOU037,32.936,-3.885
MOU038,32.936,-3.856
MOU039,32.937,-3.824
MOU041,32.937,-3.758
MOU042,32.939,-3.726
MOU043,32.939,-3.694
MOU044,32.939,-3.662
MOU046,32.964,-3.951
MOU047,32.965,-3.919
MOU048,32.965,-3.887
MOU049,32.964,-3.854
MOU050,32.966,-3.822
MOU051,32.967,-3.790
MOU052,32.966,-3.758
MOU053,32.966,-3.726
MOU054,32.968,-3.692
MOU055,32.966,-3.662
MOU057,32.991,-3.951
MOU058,32.991,-3.919
MOU059,32.992,-3.885
MOU060,32.992,-3.856
MOU061,32.992,-3.824
MOU062,32.992,-3.790
MOU063,32.992,-3.758
MOU064,32.993,-3.727
MOU065,32.994,-3.692
MOU066,32.993,-3.663
MOU067,33.016,-3.822
MOU068,33.020,-3.791
MOU069,33.020,-3.759
MOU070,33.019,-3.727
MOU071,33.020,-3.695
MOU072,33.019,-3.665
MOU073,33.050,-3.823
MOU074,33.047,-3.791
MOU075,33.047,-3.760
MOU076,33.048,-3.727
MOU077,33.048,-3.695
MOU078,33.047,-3.663
MOU079,33.074,-3.824
MOU080,33.074,-3.788
MOU081,33.074,-3.759
MOU082,33.074,-3.730
MOU083,33.074,-3.694
MOU084,33.075,-3.663
MOU085,33.101,-3.824
MOU086,33.102,-3.790
MOU087,33.101,-3.760
MOU088,33.102,-3.730
MOU090,33.102,-3.664
MOU091,33.127,-3.760
MOU092,33.128,-3.727
MOU093,33.128,-3.696
MOU094,33.128,-3.664
MOU095,33.156,-3.760
MOU096,33.154,-3.728
MOU097,33.155,-3.697
MOU098,33.156,-3.664
MOU101,32.747,-4.013
MOU103,32.775,-4.013
MOU104,32.775,-3.982
MOU105,32.775,-3.949
MOU106,32.777,-3.916
MOU109,32.801,-4.011
MOU110,32.801,-3.984
MOU111,32.802,-3.949
MOU112,32.802,-3.917
MOU115,32.829,-4.016
MOU117,32.831,-3.951
MOU118,32.829,-3.917
MOU119,32.830,-3.885
MOU122,32.855,-4.014
MOU123,32.856,-3.982
MOU125,32.857,-3.821
MOU126,32.885,-4.014
MOU127,32.883,-3.982
MOU129,32.910,-3.982
MOU503,32.760,-4.029
MOU504,32.761,-3.998
MOU508,32.788,-4.029
MOU509,32.788,-3.997
MOU510,32.787,-3.966
MOU511,32.789,-3.933
MOU512,32.789,-3.900
MOU513,32.815,-4.030
MOU514,32.815,-3.997
MOU515,32.816,-3.965
MOU516,32.816,-3.933
MOU519,32.842,-4.030
MOU520,32.841,-3.998
MOU521,32.845,-3.967
MOU522,32.840,-3.934
MOU524,32.843,-3.870
MOU527,32.869,-4.027
MOU528,32.870,-3.998
MOU529,32.870,-3.966
MOU530,32.870,-3.934
MOU531,32.870,-3.902
MOU532,32.870,-3.870
MOU534,32.871,-3.806
MOU537,32.897,-3.998
MOU538,32.897,-3.966
MOU539,32.898,-3.932
MOU540,32.897,-3.902
MOU541,32.897,-3.870
MOU542,32.897,-3.839
MOU543,32.898,-3.806
MOU544,32.898,-3.774
MOU548,32.922,-3.967
MOU550,32.925,-3.905
MOU551,32.925,-3.871
MOU552,32.924,-3.838
MOU553,32.925,-3.807
MOU555,32.926,-3.744
MOU556,32.927,-3.708
MOU560,32.950,-3.937
MOU561,32.951,-3.902
MOU562,32.951,-3.867
MOU563,32.952,-3.839
MOU564,32.953,-3.808
MOU565,32.953,-3.772
MOU566,32.953,-3.741
MOU567,32.954,-3.710
MOU568,32.953,-3.675
MOU570,32.976,-3.962
MOU571,32.977,-3.937
MOU572,32.978,-3.903
MOU573,32.979,-3.871
MOU574,32.978,-3.839
MOU575,32.981,-3.806
MOU576,32.979,-3.775
MOU577,32.980,-3.742
MOU578,32.980,-3.709
MOU579,32.980,-3.678
MOU582,33.005,-3.935
MOU583,33.006,-3.906
MOU584,33.006,-3.871
MOU585,33.006,-3.839
MOU586,33.005,-3.807
MOU587,33.006,-3.775
MOU588,33.006,-3.743
MOU589,33.007,-3.711
MOU590,33.007,-3.679
MOU592,33.032,-3.838
MOU593,33.032,-3.808
MOU594,33.033,-3.775
MOU595,33.034,-3.743
MOU596,33.034,-3.711
MOU597,33.034,-3.679
MOU599,33.060,-3.840
MOU600,33.059,-3.807
MOU601,33.061,-3.775
MOU602,33.061,-3.743
MOU603,33.060,-3.709
MOU604,33.061,-3.679
MOU606,33.087,-3.840
MOU607,33.087,-3.808
MOU608,33.087,-3.776
MOU609,33.088,-3.743
MOU610,33.089,-3.713
MOU611,33.088,-3.679
MOU614,33.113,-3.806
MOU615,33.115,-3.776
MOU616,33.113,-3.745
MOU617,33.114,-3.712
MOU618,33.116,-3.677
MOU620,33.142,-3.776
MOU621,33.142,-3.744
MOU622,33.143,-3.715
MOU623,33.143,-3.679
MOU626,33.169,-3.744
MOU627,33.169,-3.712
MOU628,33.169,-3.680
OUI005,32.774,-4.047
OUI006,32.775,-4.013
OUI007,32.775,-3.982
OUI008,32.775,-3.945
OUI009,32.775,-3.916
OUI010,32.774,-3.885
OUI011,32.802,-4.045
OUI012,32.802,-4.011
OUI013,32.801,-3.976
OUI014,32.802,-3.949
OUI015,32.800,-3.917
OUI016,32.802,-3.883
OUI017,32.801,-3.851
OUI019,32.828,-4.014
OUI020,32.833,-3.979
OUI021,32.829,-3.946
OUI022,32.828,-3.918
OUI023,32.829,-3.886
OUI027,32.855,-4.014
OUI028,32.855,-3.978
OUI029,32.855,-3.946
OUI030,32.855,-3.917
OUI031,32.854,-3.881
OUI032,32.860,-3.846
OUI033,32.855,-3.817
OUI034,32.857,-3.786
OUI035,32.885,-4.014
OUI036,32.883,-3.980
OUI037,32.883,-3.947
OUI038,32.885,-3.914
OUI039,32.883,-3.883
OUI040,32.881,-3.850
OUI041,32.882,-3.818
OUI042,32.908,-4.010
OUI043,32.910,-3.982
OUI044,32.909,-3.947
OUI045,32.910,-3.918
OUI046,32.910,-3.886
OUI047,32.910,-3.852
OUI048,32.934,-4.011
OUI049,32.936,-3.977
OUI050,32.937,-3.946
OUI051,32.937,-3.914
OUI054,32.964,-3.949
OUI055,32.962,-3.917
OUI057,32.991,-3.947
SGH002,29.651,-8.170
SGH004,29.624,-8.171
SGH005,29.624,-8.202
SGH006,29.624,-8.294
SGH007,29.597,-8.141
SGH008,29.597,-8.171
SGH009,29.597,-8.202
SGH010,29.597,-8.234
SGH011,29.598,-8.295
SGH012,29.600,-8.326
SGH013,29.570,-8.142
SGH014,29.570,-8.171
SGH015,29.571,-8.202
SGH017,29.570,-8.263
SGH018,29.570,-8.296
SGH019,29.570,-8.324
SGH020,29.542,-8.110
SGH021,29.542,-8.140
SGH022,29.543,-8.171
SGH023,29.544,-8.201
SGH025,29.542,-8.263
SGH026,29.545,-8.296
SGH027,29.544,-8.325
SGH029,29.516,-8.142
SGH030,29.517,-8.172
SGH031,29.515,-8.202
SGH033,29.516,-8.265
SGH035,29.516,-8.326
SGH037,29.490,-8.233
SGH038,29.489,-8.266
SGH040,29.489,-8.327
SGH043,29.462,-8.327
SGH046,29.434,-8.328
SGH049,29.408,-8.358
TAM001,32.270,-2.458
TAM002,32.270,-2.427
TAM005,32.296,-2.426
TAM006,32.297,-2.396
TAM007,32.296,-2.363
TAM010,32.324,-2.586
TAM011,32.324,-2.554
TAM012,32.327,-2.524
TAM013,32.322,-2.488
TAM014,32.324,-2.458
TAM015,32.324,-2.425
TAM016,32.324,-2.395
TAM017,32.323,-2.363
TAM018,32.323,-2.331
TAM019,32.323,-2.299
TAM024,32.351,-2.586
TAM025,32.351,-2.554
TAM026,32.351,-2.522
TAM027,32.351,-2.490
TAM029,32.352,-2.430
TAM031,32.350,-2.363
TAM032,32.348,-2.329
TAM033,32.348,-2.297
TAM034,32.350,-2.267
TAM035,32.378,-2.713
TAM036,32.378,-2.681
TAM037,32.378,-2.649
TAM038,32.378,-2.617
TAM039,32.378,-2.585
TAM040,32.378,-2.554
TAM041,32.378,-2.522
TAM042,32.383,-2.491
TAM044,32.378,-2.426
TAM046,32.377,-2.362
TAM047,32.377,-2.331
TAM048,32.377,-2.298
TAM049,32.377,-2.266
TAM050,32.376,-2.234
TAM052,32.406,-2.713
TAM053,32.407,-2.680
TAM054,32.404,-2.647
TAM055,32.405,-2.617
TAM056,32.405,-2.585
TAM057,32.402,-2.560
TAM058,32.406,-2.523
TAM059,32.404,-2.488
TAM060,32.405,-2.456
TAM062,32.407,-2.394
TAM063,32.404,-2.362
TAM064,32.404,-2.332
TAM065,32.406,-2.295
TAM066,32.404,-2.266
TAM067,32.404,-2.234
TAM068,32.403,-2.202
TAM070,32.433,-2.745
TAM071,32.433,-2.713
TAM072,32.433,-2.681
TAM073,32.432,-2.649
TAM074,32.433,-2.617
TAM075,32.432,-2.585
TAM076,32.432,-2.553
TAM077,32.432,-2.521
TAM078,32.432,-2.489
TAM079,32.431,-2.457
TAM080,32.432,-2.426
TAM081,32.432,-2.394
TAM082,32.431,-2.362
TAM083,32.431,-2.328
TAM084,32.431,-2.297
TAM085,32.431,-2.266
TAM086,32.431,-2.234
TAM087,32.430,-2.203
TAM088,32.430,-2.170
TAM089,32.430,-2.139
TAM090,32.460,-2.745
TAM091,32.460,-2.713
TAM092,32.460,-2.681
TAM093,32.460,-2.649
TAM094,32.459,-2.616
TAM095,32.459,-2.586
TAM096,32.459,-2.553
TAM097,32.459,-2.521
TAM098,32.459,-2.490
TAM099,32.459,-2.456
TAM100,32.459,-2.425
TAM101,32.459,-2.394
TAM102,32.458,-2.362
TAM103,32.458,-2.330
TAM104,32.458,-2.298
TAM105,32.458,-2.266
TAM106,32.457,-2.236
TAM107,32.458,-2.201
TAM108,32.457,-2.170
TAM109,32.457,-2.138
TAM110,32.457,-2.106
TAM111,32.488,-2.749
TAM112,32.487,-2.713
TAM113,32.489,-2.681
TAM114,32.487,-2.649
TAM115,32.487,-2.617
TAM116,32.486,-2.585
TAM117,32.486,-2.553
TAM118,32.486,-2.521
TAM119,32.486,-2.488
TAM120,32.486,-2.457
TAM121,32.486,-2.425
TAM122,32.486,-2.393
TAM123,32.485,-2.361
TAM124,32.485,-2.330
TAM125,32.484,-2.294
TAM126,32.485,-2.266
TAM127,32.482,-2.233
TAM128,32.485,-2.200
TAM129,32.484,-2.172
TAM130,32.484,-2.138
TAM131,32.484,-2.106
TAM132,32.482,-2.075
TAM134,32.514,-2.713
TAM135,32.513,-2.682
TAM136,32.514,-2.649
TAM137,32.513,-2.617
TAM138,32.514,-2.585
TAM139,32.513,-2.553
TAM140,32.513,-2.521
TAM141,32.513,-2.489
TAM142,32.513,-2.457
TAM143,32.512,-2.425
TAM144,32.512,-2.394
TAM145,32.513,-2.361
TAM146,32.512,-2.329
TAM147,32.511,-2.299
TAM148,32.512,-2.265
TAM149,32.512,-2.234
TAM150,32.514,-2.202
TAM151,32.511,-2.169
TAM152,32.511,-2.138
TAM153,32.509,-2.105
TAM154,32.511,-2.074
TAM155,32.511,-2.042
TAM156,32.540,-2.740
TAM157,32.532,-2.715
TAM158,32.541,-2.680
TAM159,32.540,-2.648
TAM160,32.541,-2.616
TAM161,32.541,-2.585
TAM162,32.540,-2.554
TAM163,32.542,-2.522
TAM164,32.540,-2.489
TAM165,32.541,-2.457
TAM166,32.540,-2.425
TAM167,32.540,-2.393
TAM168,32.540,-2.361
TAM169,32.540,-2.328
TAM170,32.539,-2.296
TAM171,32.539,-2.266
TAM172,32.539,-2.235
TAM173,32.539,-2.201
TAM174,32.537,-2.168
TAM175,32.538,-2.137
TAM176,32.539,-2.106
TAM177,32.537,-2.073
TAM178,32.537,-2.040
TAM179,32.538,-2.009
TAM193,32.566,-2.329
TAM194,32.566,-2.297
TAM195,32.566,-2.264
TAM196,32.567,-2.234
TAM197,32.566,-2.201
TAM198,32.566,-2.169
TAM199,32.566,-2.136
TAM200,32.566,-2.106
TAM211,32.594,-2.232
TAM212,32.592,-2.200
TAM508,32.310,-2.379
TAM509,32.310,-2.345
TAM514,32.336,-2.315
TAM515,32.336,-2.283
TAM524,32.388,-2.247
TAM525,32.390,-2.218
TAM526,32.419,-2.697
TAM527,32.419,-2.665
TAM528,32.419,-2.633
TAM529,32.419,-2.601
TAM538,32.417,-2.250
TAM539,32.417,-2.218
TAM540,32.417,-2.186
TAM543,32.446,-2.729
TAM544,32.446,-2.697
TAM545,32.446,-2.665
TAM546,32.446,-2.633
TAM547,32.446,-2.601
TAM548,32.446,-2.569
TAM549,32.446,-2.537
TAM550,32.446,-2.505
TAM551,32.445,-2.473
TAM552,32.446,-2.441
TAM553,32.445,-2.410
TAM554,32.445,-2.378
TAM555,32.445,-2.346
TAM556,32.448,-2.309
TAM557,32.445,-2.282
TAM558,32.444,-2.250
TAM559,32.444,-2.218
TAM560,32.444,-2.186
TAM561,32.444,-2.154
TAM564,32.473,-2.729
TAM565,32.473,-2.697
TAM567,32.473,-2.633
TAM568,32.473,-2.601
TAM569,32.473,-2.569
TAM570,32.473,-2.537
TAM571,32.473,-2.505
TAM572,32.472,-2.441
TAM573,32.472,-2.409
TAM574,32.472,-2.377
TAM575,32.472,-2.346
TAM576,32.472,-2.314
TAM577,32.472,-2.282
TAM578,32.471,-2.250
TAM579,32.471,-2.218
TAM580,32.471,-2.186
TAM581,32.471,-2.154
TAM584,32.500,-2.697
TAM585,32.500,-2.665
TAM586,32.500,-2.633
TAM587,32.500,-2.601
TAM588,32.500,-2.569
TAM589,32.500,-2.537
TAM590,32.500,-2.505
TAM594,32.499,-2.377
TAM595,32.499,-2.345
TAM596,32.499,-2.313
TAM597,32.499,-2.281
TAM598,32.498,-2.250
TAM599,32.498,-2.218
TAM600,32.497,-2.183
TAM601,32.498,-2.154
TAM607,32.527,-2.569
TAM608,32.525,-2.538
TAM609,32.527,-2.505
TAM610,32.527,-2.473
TAM611,32.527,-2.441
TAM612,32.526,-2.409
TAM613,32.526,-2.377
TAM614,32.527,-2.346
TAM623,32.553,-2.345
TAM624,32.553,-2.313
TAM625,32.553,-2.280
TAM626,32.553,-2.249
TEG005,33.012,-3.647
TEG006,33.013,-3.617
TEG009,33.039,-3.777
TEG010,33.040,-3.743
TEG011,33.040,-3.712
TEG012,33.042,-3.679
TEG013,33.040,-3.646
TEG014,33.037,-3.615
TEG017,33.065,-3.780
TEG018,33.067,-3.744
TEG019,33.067,-3.713
TEG020,33.067,-3.679
TEG025,33.092,-3.778
TEG026,33.094,-3.745
TEG033,33.120,-3.776
TEG034,33.120,-3.745
TEG035,33.120,-3.712
TEG036,33.121,-3.679
TEG037,33.122,-3.646
TEG038,33.120,-3.616
TEG039,33.120,-3.583
TEG041,33.147,-3.804
TEG042,33.148,-3.772
TEG043,33.148,-3.746
TEG044,33.147,-3.711
TEG045,33.147,-3.681
TEG046,33.148,-3.647
TEG047,33.148,-3.615
TEG048,33.147,-3.580
TEG050,33.174,-3.840
TEG051,33.174,-3.804
TEG052,33.175,-3.776
TEG053,33.174,-3.744
TEG054,33.177,-3.708
TEG055,33.173,-3.684
TEG056,33.178,-3.648
TEG060,33.202,-3.803
TEG061,33.202,-3.777
TEG062,33.202,-3.745
TEG063,33.200,-3.711
TEG064,33.202,-3.681
TEG065,33.197,-3.645
TEG069,33.229,-3.775
TEG070,33.230,-3.743
TEG071,33.229,-3.712
TEG072,33.229,-3.680
TEG073,33.231,-3.644
TEG077,33.254,-3.744
TEG078,33.256,-3.711
TEG079,33.252,-3.677
TEG084,33.282,-3.714
TIN001,33.509,-3.129
TIN003,33.536,-3.131
TIN004,33.534,-3.100
TIN005,33.563,-3.131
TIN006,33.567,-3.097
TIN007,33.590,-3.131
TIN008,33.590,-3.099
TIN009,33.591,-3.067
TIN010,33.590,-3.036
TIN014,33.617,-3.063
TIN015,33.617,-3.035
TIN018,33.644,-3.099
TIN019,33.644,-3.067
TIN020,33.644,-3.035
TIN022,33.673,-3.130
TIN023,33.669,-3.098
TIN024,33.671,-3.067
TIN025,33.671,-3.036
TIN026,33.671,-3.001
TIN028,33.699,-3.129
TIN029,33.698,-3.099
TIN030,33.698,-3.067
TIN031,33.698,-3.035
TIN032,33.697,-3.003
TIN034,33.725,-3.128
TIN035,33.725,-3.098
TIN037,33.726,-3.034
TIN038,33.724,-3.003
TIN041,33.752,-3.099
TIN043,33.752,-3.035
ZAI002,32.838,-4.744
ZAI003,32.841,-4.711
ZAI006,32.860,-4.870
ZAI007,32.866,-4.838
ZAI008,32.867,-4.809
ZAI009,32.863,-4.779
ZAI010,32.867,-4.744
ZAI011,32.865,-4.711
ZAI012,32.889,-4.905
ZAI013,32.892,-4.872
ZAI014,32.891,-4.842
ZAI015,32.893,-4.807
ZAI016,32.889,-4.775
ZAI017,32.892,-4.746
ZAI018,32.895,-4.715
ZAI019,32.894,-4.684
ZAI020,32.915,-4.907
ZAI021,32.915,-4.877
ZAI022,32.916,-4.840
ZAI023,32.920,-4.809
ZAI024,32.919,-4.779
ZAI025,32.920,-4.748
ZAI026,32.920,-4.715
ZAI027,32.944,-4.906
ZAI028,32.944,-4.874
ZAI029,32.945,-4.842
ENJ03,33.056,-4.653
ENJ04,33.054,-4.624
ENJ09,33.082,-4.715
ENJ10,33.083,-4.686
ENJ11,33.081,-4.655
ENJ12,33.083,-4.622
ENJ14,33.083,-4.558
ENJ15,33.083,-4.525
ENJ18,33.110,-4.685
ENJ19,33.110,-4.653
ENJ20,33.111,-4.620
ENJ22,33.108,-4.554
ENJ23,33.110,-4.525
ENJ26,33.138,-4.651
ENJ27,33.137,-4.621
ENJ29,33.137,-4.556
ENJ33,33.164,-4.621
ENJ34,33.164,-4.589
ENJ35,33.164,-4.556
ENJ36,33.163,-4.525
ENJ39,33.191,-4.621
ENJ40,33.190,-4.592
P01-C,33.286,-3.825
P01-D,33.135,-3.954
P02-1,33.100,-3.968
P02-2,33.110,-3.988
P02-3,33.120,-4.008
P02-4,33.133,-4.024
P02-5,33.146,-4.041
P02-6,33.149,-4.063
P02-7,33.146,-4.081
P02-C,33.295,-3.841
P02-D,33.157,-3.922
P03-1,33.115,-3.961
P03-1B,33.158,-4.020
P03-2,33.131,-3.977
P03-2B,33.168,-4.044
P03-3,33.145,-3.994
P03-3B,33.176,-4.058
P03-4,33.160,-4.007
P03-4B,33.180,-4.076
P03-5,33.176,-4.021
P03-5B,33.163,-4.082
P03-C,33.265,-3.882
P03-D,33.193,-3.994
P04-1,33.136,-3.921
P04-2,33.145,-3.936
P04-3,33.156,-3.955
P04-4,33.166,-3.973
P04-5,33.176,-3.991
P04-6,33.184,-4.004
P04-7,33.196,-4.020
P04-8,33.202,-4.033
P04-9,33.219,-4.062
P04-C,33.221,-3.950
P04-D,33.194,-3.962
P05-1,33.167,-3.891
P05-2,33.170,-3.912
P05-3,33.172,-3.937
P05-4,33.176,-3.959
P05-4B,33.174,-3.949
P05-5,33.181,-3.979
P05-6,33.180,-4.015
P05-7,33.181,-4.030
P05-7B,33.181,-4.030
P05-8,33.203,-4.046
P05-C,33.232,-3.965
P05-D,33.233,-3.891
P06-1,33.196,-3.876
P06-2,33.198,-3.898
P06-3,33.202,-3.919
P06-4,33.206,-3.941
P06-5,33.209,-3.964
P06-6,33.221,-3.985
P06-7,33.230,-4.005
P06-8,33.242,-4.022
P06-8B,33.232,-4.029
P06-9,33.236,-4.032
P06C,33.245,-3.992
P06-D,33.330,-3.834
P07-1,33.196,-3.876
P07-2,33.210,-3.890
P07-3,33.217,-3.912
P07-4,33.223,-3.932
P07-5,33.235,-3.948
P07-6,33.246,-3.965
P07-7,33.255,-3.993
P07-8,33.269,-3.999
P07-9,33.269,-4.019
P07C,33.196,-4.064
P07D,33.269,-3.884
P08-1,33.204,-3.864
P08-2,33.216,-3.883
P08-3,33.226,-3.901
P08-4,33.234,-3.917
P08-5,33.243,-3.936
P08-6,33.255,-3.958
P08-7,33.270,-3.971
P08-C,33.207,-3.982
P08-D,33.226,-3.870
P09-1,33.228,-3.835
P09-2,33.234,-3.856
P09-3,33.243,-3.875
P09-4,33.252,-3.893
P09-5,33.262,-3.912
P09-6,33.271,-3.931
P09-7,33.280,-3.949
P09-7B,33.280,-3.949
P09-8,33.285,-3.976
P09-8B,33.286,-3.963
P09-9,33.282,-3.981
P10-1,33.254,-3.829
P10-2,33.268,-3.845
P10-3,33.276,-3.866
P10-4,33.281,-3.888
P10-5,33.286,-3.910
P10-6,33.291,-3.930
P10-7,33.298,-3.967
P10-7B,33.303,-3.948
P10-8,33.303,-3.948
P10-8B,33.311,-3.967
P10-9,33.311,-3.967
P11-1,33.254,-3.829
P11-2,33.269,-3.846
P11-3,33.281,-3.863
P11-4,33.295,-3.882
P11-5,33.304,-3.905
P12-1,33.291,-3.783
P12-2,33.298,-3.804
P12-3,33.304,-3.824
P12-4,33.310,-3.846
P12-5,33.317,-3.864
P12-6,33.323,-3.884
P13-1,33.319,-3.763
P13-2,33.322,-3.773
P13-3,33.326,-3.782
P13-4,33.334,-3.801
P13-5,33.342,-3.821
